,id,score,href,fields_title
0,3919661,4.56432,https://api.reliefweb.int/v1/reports/3919661,People in need suspends programmes in Afghanistan and calls for lifting of a ban on female aid workers
1,3794726,4.56432,https://api.reliefweb.int/v1/reports/3794726,Delivering services to respond to sexual and gender-based violence in fragile contexts
2,3832934,4.56432,https://api.reliefweb.int/v1/reports/3832934,High Commissioner for Human Rights Calls on the Russian Federation to Immediately Withdraw All Troops from Ukraine as the Human Rights Council Hears an Update on the Situation in Ukraine
3,3781712,4.56432,https://api.reliefweb.int/v1/reports/3781712,Human Rights Council concludes forty-eighth regular session after adopting 25 resolutions and one statement by the President
4,3786107,4.56432,https://api.reliefweb.int/v1/reports/3786107,Resolution adopted by the Human Rights Council on 7 October 2021: 48/1. Situation of human rights in Afghanistan (A/HRC/RES/48/1)
5,3822089,4.56432,https://api.reliefweb.int/v1/reports/3822089,Afghanistan USG Response to Complex Emergency (02/28/22)
6,3813307,4.56432,https://api.reliefweb.int/v1/reports/3813307,Press briefing notes on Afghanistan 1 February 2022
7,3831016,4.56432,https://api.reliefweb.int/v1/reports/3831016,Afghanistan: Right of millions of girls to education must be respected
8,3828746,4.56432,https://api.reliefweb.int/v1/reports/3828746,Afghanistan: Desperate mother agreed to sell her unborn baby as debt-ridden families are pushed to crisis point
9,3828468,4.56432,https://api.reliefweb.int/v1/reports/3828468,Save the Children’s Response in Afghanistan
10,3828444,4.56432,https://api.reliefweb.int/v1/reports/3828444,"How Weapons and Ammunition Management Can Enhance Women, Peace and Security"
11,3809291,4.56432,https://api.reliefweb.int/v1/reports/3809291,"Security Council Open Debate on Women, Peace and Security - Protecting Participation: Addressing violence targeting women in peace and security processes - Statement by Michelle Bachelet, UN High Commissioner for Human Rights"
12,3749433,4.56432,https://api.reliefweb.int/v1/reports/3749433,"47th session of the Human Rights Council, Item 2: Human rights update by the High Commissioner, Statement by Michelle Bachelet, UN High Commissioner for Human Rights, 21 June 2021"
13,3749319,4.56432,https://api.reliefweb.int/v1/reports/3749319,A Stolen Childhood and a Future to Repair: Vulnerability of Girls & Boys in Armed Conflict Exacerbated by COVID-19 Pandemic
14,3749161,4.56432,https://api.reliefweb.int/v1/reports/3749161,"19 million more people in need of humanitarian aid as funding drops, world’s most comprehensive study reveals"
15,3739492,4.56432,https://api.reliefweb.int/v1/reports/3739492,Action Towards Increased Quality Education for Internally Displaced Children
16,3735239,4.56432,https://api.reliefweb.int/v1/reports/3735239,Impact of the COVID-19 pandemic on violations against children in situations of armed conflict
17,3682573,4.56432,https://api.reliefweb.int/v1/reports/3682573,Alarmed and appalled: Civilian casualty data in Afghanistan highlight conflict’s brutal toll on children
18,3683534,4.56432,https://api.reliefweb.int/v1/reports/3683534,"Conflict Trends in Asia, 1989–2019"
19,3746026,4.56432,https://api.reliefweb.int/v1/reports/3746026,"Afghanistan’s children are paying the price of global COVID-19 vaccine rollout failures, warns Save the Children"
20,3745920,4.56432,https://api.reliefweb.int/v1/reports/3745920,COVID-19: Kids in world’s poorest countries lost 66% more of lifetime at school than richer peers - Save the Children
21,3750210,4.56432,https://api.reliefweb.int/v1/reports/3750210,Afghanistan: Thousands of children losing access to education as schools are caught in crossfire in escalation of violence
22,3750909,4.56432,https://api.reliefweb.int/v1/reports/3750909,Children and armed conflict - Annual Report of the Secretary-General - Summary 2020
23,3678792,4.56432,https://api.reliefweb.int/v1/reports/3678792,Save the Children – 'Situation for children in Helmand deeply concerning'
24,3670970,4.56432,https://api.reliefweb.int/v1/reports/3670970,"Conflict Trends: A Global Overview, 1946–2019"
25,3772828,4.56432,https://api.reliefweb.int/v1/reports/3772828,Press briefing notes on Afghanistan 10 September 2021
26,3762135,4.56432,https://api.reliefweb.int/v1/reports/3762135,"Afghanistan: 18 civilians, including children, killed in air strikes in Kandahar"
27,3759214,4.56432,https://api.reliefweb.int/v1/reports/3759214,Afghanistan: Number of children killed or injured in Afghanistan rose more than 55% in first half of 2021
28,3765822,4.56432,https://api.reliefweb.int/v1/reports/3765822,"Afghanistan: UN expert warns of “cultural disaster”, urges visas for the vulnerable"
29,3763560,4.56432,https://api.reliefweb.int/v1/reports/3763560,UN Human Rights Chief urges action to prevent calamitous consequences for the people of Afghanistan
30,3768044,4.56432,https://api.reliefweb.int/v1/reports/3768044,Humanitarian Aid International urgent appeal for Afghanistan crisis response
31,3769102,4.56432,https://api.reliefweb.int/v1/reports/3769102,"Afghanistan - Complex Emergency Fact Sheet #4, Fiscal Year (FY) 2021 (August 27, 2021)"
32,3775278,4.56432,https://api.reliefweb.int/v1/reports/3775278,Save the Children shocked by reports that girls in Afghanistan will not be allowed back to school
33,3783926,4.56432,https://api.reliefweb.int/v1/reports/3783926,“Please open the school to my sisters”: Afghan boys skip school until girls can return to the classroom
34,3770458,4.56432,https://api.reliefweb.int/v1/reports/3770458,Build Forward Better: How the global community must act now to secure children’s learning in crises
35,3769903,4.56432,https://api.reliefweb.int/v1/reports/3769903,Save the Children calls on EU governments to guarantee the rights of Afghan children and families in Europe
36,3774395,4.56432,https://api.reliefweb.int/v1/reports/3774395,"Le Conseil des droits de l’homme est alerté sur la crise mondiale de l’eau, dont les causes sont à rechercher dans des failles structurelles du modèle de développement actuel"
37,3774359,4.56432,https://api.reliefweb.int/v1/reports/3774359,"Statement by United Nations Human Rights Experts: Women’s full participation in Afghanistan’s public and political life as a guarantee of their fundamental human rights, 15 September 2021"
38,3774312,4.56432,https://api.reliefweb.int/v1/reports/3774312,Afghanistan: Women’s full participation in public and political life is crucial
39,3807378,4.56432,https://api.reliefweb.int/v1/reports/3807378,Afghanistan USG Response to Complex Emergency (01/11/22)
40,3807208,4.56432,https://api.reliefweb.int/v1/reports/3807208,USAID announces more than $308 million in additional humanitarian assistance for the people of Afghanistan
41,3803758,4.56432,https://api.reliefweb.int/v1/reports/3803758,Afghanistan: UN experts call for immediate action to stop escalating humanitarian catastrophe
42,3803413,4.56432,https://api.reliefweb.int/v1/reports/3803413,Administrator Samantha Power on New General Licenses to Continue Supporting Vital Assistance to Afghans
43,3811817,4.56432,https://api.reliefweb.int/v1/reports/3811817,Les enfants et les conflits armés : Rapport de la Représentante spéciale du Secrétaire général pour la question des enfants et des conflits armés (A/HRC/49/58)
44,3710940,4.56432,https://api.reliefweb.int/v1/reports/3710940,"Situation of human rights in Afghanistan, and technical assistance achievements in the field of human rights - Report of the United Nations High Commissioner for Human Rights (A/HRC/46/69)"
45,3721493,4.56432,https://api.reliefweb.int/v1/reports/3721493,Human Rights Council Concludes its General Debate on Human Rights Situations that Require the Council’s Attention
46,2642134,4.56432,https://api.reliefweb.int/v1/reports/2642134,'I couldn't even scream': survival and abuse inseparable for Kabul children
47,2661029,4.56432,https://api.reliefweb.int/v1/reports/2661029,Time to act: A costed plan to deliver quality education to every last refugee child
48,3645746,4.56432,https://api.reliefweb.int/v1/reports/3645746,State department: Update: The United States continues to lead the global response to COVID-19
49,3223363,4.56432,https://api.reliefweb.int/v1/reports/3223363,"Success of 2030 Agenda for Post-Conflict Countries Largely Uneven, Speakers Tell Economic and Social Council, as High-level Segment Closes"
50,3221788,4.56432,https://api.reliefweb.int/v1/reports/3221788,Sustaining Health Outcomes through the Private Sector (SHOPS Plus)
51,3337118,4.56432,https://api.reliefweb.int/v1/reports/3337118,18 years of conflict: Every single Afghan child affected by war
52,3195224,4.56432,https://api.reliefweb.int/v1/reports/3195224,"Save the Children Statement on Attack in Kabul, Afghanistan"
53,3311253,4.56432,https://api.reliefweb.int/v1/reports/3311253,USAID Launches Toolkit to Help Afghan Business Women [EN/PS/Dari]
54,3210874,4.56432,https://api.reliefweb.int/v1/reports/3210874,"The Afghan Peace Conference shows promise, but we need to see binding commitments to protect children"
55,3228343,4.56432,https://api.reliefweb.int/v1/reports/3228343,Over 100 Women in Mazar-e-Sharif Ready for Afghan Civil Service [EN/Dari/PS]
56,3199519,4.56432,https://api.reliefweb.int/v1/reports/3199519,Radio program bridges elections information gap
57,3208844,4.56432,https://api.reliefweb.int/v1/reports/3208844,At least 25 children hospitalised after Ghazni car bomb attack
58,3203529,4.56432,https://api.reliefweb.int/v1/reports/3203529,Hemayat: Helping Mothers and Children Thrive (January 2015 – January 2020)
59,2896033,4.56432,https://api.reliefweb.int/v1/reports/2896033,"Pakistan - Complex Emergency Fact Sheet #4, Fiscal Year (FY) 2018"
60,2689649,4.56432,https://api.reliefweb.int/v1/reports/2689649,"Afghanistan - Complex Emergency Fact Sheet #3, Fiscal Year (FY) 2018"
61,2687169,4.56432,https://api.reliefweb.int/v1/reports/2687169,"Pakistan - Complex Emergency Fact Sheet #3, Fiscal Year (FY) 2018"
62,2686639,4.56432,https://api.reliefweb.int/v1/reports/2686639,DFID Afghanistan Profile: July 2018
63,2818179,4.56432,https://api.reliefweb.int/v1/reports/2818179,"Communicable Disease Threats Report, 30 September - 6 October 2018 (Week 40)"
64,2801654,4.56432,https://api.reliefweb.int/v1/reports/2801654,U.S. Government Programs Recognize 300 Afghan Women
65,2798554,4.56432,https://api.reliefweb.int/v1/reports/2798554,USAID Provides $43.8 million to WFP to Boost Food Assistance for Drought Affected Afghans
66,2922614,4.56432,https://api.reliefweb.int/v1/reports/2922614,"Through Drought, Snow and Conflict, USAID Responds in Afghanistan"
67,2547274,4.56432,https://api.reliefweb.int/v1/reports/2547274,"Communicable Disease Threats Report, 1 - 7 April 2018 (Week 14)"
68,2542634,4.56432,https://api.reliefweb.int/v1/reports/2542634,UK commits to rid deadly mines in Afghanistan and Sudan
69,2582439,4.56432,https://api.reliefweb.int/v1/reports/2582439,"Afghanistan: UN expert condemns attacks on journalists, says perpetrators must be brought to justice"
70,2581484,4.56432,https://api.reliefweb.int/v1/reports/2581484,"Afghanistan - Complex Emergency Fact Sheet #2, Fiscal Year (FY) 2018"
71,2735444,4.56432,https://api.reliefweb.int/v1/reports/2735444,Note to Correspondents: United Nations Assistant Secretary-General for Political Affairs Miroslav Jenča completes visit to Afghanistan
72,2705429,4.56432,https://api.reliefweb.int/v1/reports/2705429,The Global Slavery Index 2018
73,3651023,4.56432,https://api.reliefweb.int/v1/reports/3651023,"Security Council Open Debate on “Peace Operations and Human Rights”: Statement by Michelle Bachelet, UN High Commissioner for Human Rights"
74,3660258,4.56432,https://api.reliefweb.int/v1/reports/3660258,Afghanistan: Enabling Health Workers to fight COVID-19 safely and securely
75,3634283,4.56432,https://api.reliefweb.int/v1/reports/3634283,Afghanistan: More challenges for women and girls due to COVID-19
76,3632212,4.56432,https://api.reliefweb.int/v1/reports/3632212,"COVID-19 – Global response Fact Sheet #2, Fiscal Year (FY) 2020 – May 5, 2020"
77,3631738,4.56432,https://api.reliefweb.int/v1/reports/3631738,World leaders must look up from their COVID-19 blinkers – before it’s too late
78,3449753,4.56432,https://api.reliefweb.int/v1/reports/3449753,Making Sanctions Smarter: Safeguarding Humanitarian Action
79,3436078,4.56432,https://api.reliefweb.int/v1/reports/3436078,Save the Children helps relocate lone children from freezing forest camp in Bosnia and Herzegovina
80,3590388,4.56432,https://api.reliefweb.int/v1/reports/3590388,The United States is Leading the Humanitarian and Health Assistance Response to COVID-19
81,3565593,4.56432,https://api.reliefweb.int/v1/reports/3565593,"Afghanistan: UN Official Calls to Include Children’s Rights, Needs in Peace Process"
82,3563853,4.56432,https://api.reliefweb.int/v1/reports/3563853,"Afghanistan - Complex Emergency Fact Sheet #2, Fiscal Year (FY) 2020"
83,3594204,4.56432,https://api.reliefweb.int/v1/reports/3594204,"Pakistan: Food Assistance Fact Sheet - April 2, 2020"
84,3530269,4.56432,https://api.reliefweb.int/v1/reports/3530269,Human Rights Council to hold its forty-third regular session from 24 February to 20 March 2020
85,3396853,4.56432,https://api.reliefweb.int/v1/reports/3396853,Making women’s rights and inclusion a priority in Afghanistan peacemaking
86,3395208,4.56432,https://api.reliefweb.int/v1/reports/3395208,"Pakistan: Food Assistance Fact Sheet - September 30, 2019"
87,3368829,4.56432,https://api.reliefweb.int/v1/reports/3368829,USAID Supports Young Innovators Tackling Agriculture Problems [EN/Dari]
88,3402143,4.56432,https://api.reliefweb.int/v1/reports/3402143,"Many Afghan children are afraid to go outside, new survey by Save the Children finds"
89,3399793,4.56432,https://api.reliefweb.int/v1/reports/3399793,"Women’s Inclusion Critical to Sustainable Peace, Development in Afghanistan, Deputy Secretary-General Says at Group of Friends Launch"
90,3380843,4.56432,https://api.reliefweb.int/v1/reports/3380843,"Conflict, Stability and Security Fund: Afghanistan Demining"
91,3380413,4.56432,https://api.reliefweb.int/v1/reports/3380413,UK aid to help vaccinate more than 400 million children a year against polio
92,3746761,4.56432,https://api.reliefweb.int/v1/reports/3746761,Afghanistan USG Response to Complex Emergency (06/11/21)
93,3736812,4.56432,https://api.reliefweb.int/v1/reports/3736812,Statement on Kabul school bomb attack
94,3815932,4.56432,https://api.reliefweb.int/v1/reports/3815932,Situación de los derechos humanos en el Afganistán y logros de la asistencia técnica en la esfera de los derechos humanos - Informe de la Alta Comisionada de las Naciones Unidas para los Derechos Humanos (A/HRC/49/90)
95,3825050,4.56432,https://api.reliefweb.int/v1/reports/3825050,Situation of human rights in Afghanistan - Report of the United Nations High Commissioner for Human Rights (A/HRC/49/24) (Advance Unedited Version)
96,3824925,4.56432,https://api.reliefweb.int/v1/reports/3824925,49th session of the Human Rights Council Item 2: Annual Report and Oral Update by the High Commissioner for Human Rights on the activities of her Office and recent human rights developments: Statement by Michelle Bachelet
97,3825790,4.56432,https://api.reliefweb.int/v1/reports/3825790,Afghan family in Ukraine forced to flee conflict for second time in eight months
98,3637073,4.56432,https://api.reliefweb.int/v1/reports/3637073,"COVID-19 Rapid Needs Assessment for Individuals under International and Temporary Protection in Zeytinburnu, Istanbul"
99,3612639,4.56432,https://api.reliefweb.int/v1/reports/3612639,Coronavirus Pandemic: An Update from our CEO
100,3635162,4.56432,https://api.reliefweb.int/v1/reports/3635162,UK aid boost for charities fighting coronavirus
101,3889357,4.56432,https://api.reliefweb.int/v1/reports/3889357,The United States has provided more than $1.1 billion to respond to humanitarian crisis in Afghanistan since August 2021
102,3838069,4.56432,https://api.reliefweb.int/v1/reports/3838069,"While Afghans Wait, States and Banks Decrypt the Humanitarian Exception in the Taliban Sanctions Regime"
103,3842093,4.56432,https://api.reliefweb.int/v1/reports/3842093,Afghanistan USG Response to Complex Emergency (04/28/22)
104,3834269,4.56432,https://api.reliefweb.int/v1/reports/3834269,Informe anual de la Representante Especial del Secretario General para la cuestión de los niños y los conflictos armados (A/HRC/37/47)
105,3897565,4.56432,https://api.reliefweb.int/v1/reports/3897565,Mediation is Failing; the WPS Agenda Has a Way Forward
106,3894324,4.56432,https://api.reliefweb.int/v1/reports/3894324,“She would hit her head on the wall continuously”: Afghanistan on the brink of mental health catastrophe as children pushed to the limit
107,3915026,4.56432,https://api.reliefweb.int/v1/reports/3915026,Human Rights Day - Opening statement by HC Volker Türk
108,3915532,4.56432,https://api.reliefweb.int/v1/reports/3915532,Briefing Paper: Strengthening responses to conflict-related sexual violence against boys deprived of their liberty in situations of armed conflict
109,3911998,4.56432,https://api.reliefweb.int/v1/reports/3911998,School attack “another blow” for children in Afghanistan
110,3918953,4.56432,https://api.reliefweb.int/v1/reports/3918953,ACBAR condemns the decision of suspending women from universities in Kabul
111,3918525,4.56432,https://api.reliefweb.int/v1/reports/3918525,Save the Children response to Taliban female university student ban
112,3912860,4.56432,https://api.reliefweb.int/v1/reports/3912860,"Operational Update: Sending 20.5 Million Defined Daily Doses of Medication to Eight Countries, Including Sri Lanka"
113,3910754,4.56432,https://api.reliefweb.int/v1/reports/3910754,"Comment by UN Rights Office Spokesperson Ravina Shamdasani on corporal punishment in Afghanistan Geneva, 25 November 2022"
114,3860356,4.56432,https://api.reliefweb.int/v1/reports/3860356,"""I thought the world was ending when I saw my family dead"": Afghan children lose entire families in fatal earthquake"
115,3853168,4.56432,https://api.reliefweb.int/v1/reports/3853168,"Visit to Tajikistan - Report of the Special Rapporteur on trafficking in persons, especially women and children, Siobhán Mullally (A/HRC/50/33/Add.1) [EN/RU]"
116,3871331,4.56432,https://api.reliefweb.int/v1/reports/3871331,"Operational Update: Insulin for Sri Lanka, Supporting First Responders in Ukraine, Kentucky Flooding"
117,3864575,4.56432,https://api.reliefweb.int/v1/reports/3864575,"Operational Update: Supporting Healthy Pregnancies in Afghanistan, Continued Aid to Ukraine"
118,3864516,4.56432,https://api.reliefweb.int/v1/reports/3864516,Human Rights Council Concludes Fiftieth Regular Session after Adopting 23 Resolutions and One Decision
119,3908080,4.56432,https://api.reliefweb.int/v1/reports/3908080,Taking Myself out of the Darkness: Afghan Women Human Rights Defenders’ Fight for Recognition
120,3848612,4.56432,https://api.reliefweb.int/v1/reports/3848612,"Comment by Michelle Bachelet, UN High Commissioner for Human Rights, on the dissolution of Afghanistan's Independent Human Rights Commission"
121,3846104,4.56432,https://api.reliefweb.int/v1/reports/3846104,Flash Update #01: Women and Girls in Afghanistan – May 2022
122,3845021,4.56432,https://api.reliefweb.int/v1/reports/3845021,"Almost 10 million children going hungry in Afghanistan as food aid alone fails to the meet tidal wave of need, Save the Children says"
123,3849373,4.56432,https://api.reliefweb.int/v1/reports/3849373,Save the Children’s Response in Afghanistan (April Update) [EN/PS/Dari]
124,3871546,4.56432,https://api.reliefweb.int/v1/reports/3871546,Breaking point: Life for children one year since the Taliban takeover
125,3876502,4.56432,https://api.reliefweb.int/v1/reports/3876502,Three Ways USAID Has Continued to Support the People of Afghanistan
126,3876153,4.56432,https://api.reliefweb.int/v1/reports/3876153,United States announces $80 million commitment to United Nations Food and Agriculture Organization to improve food security and nutrition for vulnerable Afghans
127,3876152,4.56432,https://api.reliefweb.int/v1/reports/3876152,USAID announces new $40 million agreement with UNICEF to increase girls’ and boys’ education opportunities in Afghanistan
128,3876151,4.56432,https://api.reliefweb.int/v1/reports/3876151,United States announces $30 million commitment to advance women's and girls’ rights in Afghanistan
129,3886041,4.56432,https://api.reliefweb.int/v1/reports/3886041,"For Newly Arrived Afghanis, Prenatal Care, Vaccinations, and Open Arms"
130,3873823,4.56432,https://api.reliefweb.int/v1/reports/3873823,KSRelief monthly bulletin: July 2022
131,3883854,4.56432,https://api.reliefweb.int/v1/reports/3883854,Situation of human rights in Afghanistan - Report of the United Nations High Commissioner for Human Rights (A/HRC/51/6) (Advance Unedited Version) [EN/PS/Dari]
132,2260164,4.56432,https://api.reliefweb.int/v1/reports/2260164,USAID Empowers Young Female Medical Technicians [EN/Dari/PS]
133,2257614,4.56432,https://api.reliefweb.int/v1/reports/2257614,"Millions of Children Caught in Conflict, Victims and Targets of Despicable Harm"
134,2267954,4.56432,https://api.reliefweb.int/v1/reports/2267954,Afghanistan: Infrastructure Fact Sheet - October 2017
135,2503834,4.56432,https://api.reliefweb.int/v1/reports/2503834,Refugees and Migrants at the Western Balkans route: Regional Overview (September - December 2017) - Balkans Migration and Displacement Hub Data and Trends Analysis
136,2521254,4.56432,https://api.reliefweb.int/v1/reports/2521254,Situation of human rights in Afghanistan and technical assistance achievements in the field of human rights: Report of the United Nations High Commissioner for Human Rights (A/HRC/37/45) (Advance Edited Version)
137,2531484,4.56432,https://api.reliefweb.int/v1/reports/2531484,The Slow onset effects of climate change and human rights protection for cross-border migrants (A/HRC/37/CRP.4)
138,2240019,4.56432,https://api.reliefweb.int/v1/reports/2240019,USAID Microfinance Training Program Assists Young Afghan Women Enter Financial Sector [EN/Dari/PS]
139,2220784,4.56432,https://api.reliefweb.int/v1/reports/2220784,"Kabul Urban Water Supply (KUWS), March 2014 - December 2019 | Update July 2017"
140,2410514,4.56432,https://api.reliefweb.int/v1/reports/2410514,"Pakistan - Complex Emergency Fact Sheet #1, Fiscal Year (FY) 2018"
141,2440519,4.56432,https://api.reliefweb.int/v1/reports/2440519,"USAID-OFDA Hydrometeorological Hazards Sector Update, Fiscal Year 2017"
142,2540519,4.56432,https://api.reliefweb.int/v1/reports/2540519,"Pakistan - Complex Emergency Fact Sheet #2, Fiscal Year (FY) 2018"
143,2538894,4.56432,https://api.reliefweb.int/v1/reports/2538894,USAID Donates $25 million to WFP to Support the Most Vulnerable Afghans Affected by Conflict and Natural Disasters [EN/AR]
144,2466374,4.56432,https://api.reliefweb.int/v1/reports/2466374,The War on Children: Time to End Violations Against Children in Armed Conflict
145,2424859,4.56432,https://api.reliefweb.int/v1/reports/2424859,Humanitarian Assistance in Review: South Asia | Fiscal Year (FY) 2008 – 2017
146,2194489,4.56432,https://api.reliefweb.int/v1/reports/2194489,Afghanistan Ministry of Public Health Launches First Data Warehouse for the Health Sector with help from USAID [EN/Dari/PS]
147,2381544,4.56432,https://api.reliefweb.int/v1/reports/2381544,"UK National Action Plan on Women, Peace and Security 2014 to 2017: report to Parliament (December 2017)"
148,2448039,4.56432,https://api.reliefweb.int/v1/reports/2448039,Annual report of the Special Representative of the Secretary-General for Children and Armed Conflict (A/HRC/37/47) [EN/AR]
149,2487379,4.56432,https://api.reliefweb.int/v1/reports/2487379,Saudi Arabia’s Aid to the World Reaches Nearly $33 Billion in 10 years
150,3657710,4.56432,https://api.reliefweb.int/v1/reports/3657710,State department: Update: The United States continues to lead the global response to COVID-19 (29 July 2020)
151,1709326,4.56432,https://api.reliefweb.int/v1/reports/1709326,"Afghanistan: Initiative for Hygiene, Sanitation and Nutrition (IHSAN)"
152,1830599,4.56432,https://api.reliefweb.int/v1/reports/1830599,USAID/OFDA Disaster Risk Reduction (DRR) Programs in East Asia (30 September 2016)
153,1753966,4.56432,https://api.reliefweb.int/v1/reports/1753966,"Vigilance, Cooperation Needed to Beat Resurgent Polio"
154,505519,4.56432,https://api.reliefweb.int/v1/reports/505519,Breath of Fresh Air for Kandahar City
155,494744,4.56432,https://api.reliefweb.int/v1/reports/494744,Afghan Lawyers Defend Media
156,509026,4.56432,https://api.reliefweb.int/v1/reports/509026,Canada reaffirms support for Afghanistan
157,508995,4.56432,https://api.reliefweb.int/v1/reports/508995,Afghans Hear the Story of a Free Press
158,492243,4.56432,https://api.reliefweb.int/v1/reports/492243,Afghan Women Cyber Fight for Rights
159,492842,4.56432,https://api.reliefweb.int/v1/reports/492842,U.S. Government Supports Cross-Border Energy Trade between Tajikistan and Afghanistan
160,491042,4.56432,https://api.reliefweb.int/v1/reports/491042,Improvements in Afghanistan’s Information and Communications Technology Lead to Economic Prosperity
161,491025,4.56432,https://api.reliefweb.int/v1/reports/491025,Central Medical Stores Overhauled
162,484782,4.56432,https://api.reliefweb.int/v1/reports/484782,"UK aid projects in Afghanistan must be overseen more closely, warns watchdog"
163,484774,4.56432,https://api.reliefweb.int/v1/reports/484774,UAE and UK joint drive on education and poverty
164,484621,4.56432,https://api.reliefweb.int/v1/reports/484621,Taming Troubled Waters
165,486583,4.56432,https://api.reliefweb.int/v1/reports/486583,"USAID in Afghanistan: Partnership, Progress, Perseverance"
166,480885,4.56432,https://api.reliefweb.int/v1/reports/480885,Mobile Money Services Customized for Women
167,480814,4.56432,https://api.reliefweb.int/v1/reports/480814,Making It All Work Together
168,478834,4.56432,https://api.reliefweb.int/v1/reports/478834,Green Shoots of Recovery
169,462156,4.56432,https://api.reliefweb.int/v1/reports/462156,New Afghanistan Mortality Survey Indicates Dramatic Declines in Child and Maternal Mortality Rates
170,462064,4.56432,https://api.reliefweb.int/v1/reports/462064,Quality Assurance For Health
171,461910,4.56432,https://api.reliefweb.int/v1/reports/461910,Irrigation Project Pacifies a District
172,447472,4.56432,https://api.reliefweb.int/v1/reports/447472,New Food Testing Laboratory Will Reduce Customs Delays
173,454899,4.56432,https://api.reliefweb.int/v1/reports/454899,Global development podcast: aid and Afghanistan's economy
174,448825,4.56432,https://api.reliefweb.int/v1/reports/448825,Council concludes general debate on Universal Periodic Review and Human Rights situations that require the Council's attention
175,448805,4.56432,https://api.reliefweb.int/v1/reports/448805,Better Irrigation Brings Better Life
176,451098,4.56432,https://api.reliefweb.int/v1/reports/451098,Young Afghan Women Get Professional Skills and Diplomas
177,451097,4.56432,https://api.reliefweb.int/v1/reports/451097,Historic Conference Assembles Afghan Civil Society Leaders To Begin Government Policy Reform Effort
178,451095,4.56432,https://api.reliefweb.int/v1/reports/451095,Electricity Brightens Afghanistan
179,449086,4.56432,https://api.reliefweb.int/v1/reports/449086,Spinsary Brings Peace
180,450530,4.56432,https://api.reliefweb.int/v1/reports/450530,Women Sell Grapes for Export to India
181,449975,4.56432,https://api.reliefweb.int/v1/reports/449975,On the Path to Sustainability
182,520255,4.56432,https://api.reliefweb.int/v1/reports/520255,Afghan and US Governments Encourage the Development of Mobile Money
183,497998,4.56432,https://api.reliefweb.int/v1/reports/497998,Panjshir Youth Dream the Audacity of Hope
184,503086,4.56432,https://api.reliefweb.int/v1/reports/503086,‘Nation-Building is Woman’s Work too’
185,502964,4.56432,https://api.reliefweb.int/v1/reports/502964,52 Parties on Secretary-General's List of Shame on Children and Armed Conflict
186,498327,4.56432,https://api.reliefweb.int/v1/reports/498327,Crisis to Confidence: Helping the Grieving
187,503186,4.56432,https://api.reliefweb.int/v1/reports/503186,La liste des auteurs récalcitrants de violations à l'égard des enfants dans les conflits armés a doublé
188,515692,4.56432,https://api.reliefweb.int/v1/reports/515692,Karez Rehabilitation Changes Life
189,510849,4.56432,https://api.reliefweb.int/v1/reports/510849,Food Lab Helps Afghan Importers
190,510837,4.56432,https://api.reliefweb.int/v1/reports/510837,Historic Kabul Garden is Restored
191,506395,4.56432,https://api.reliefweb.int/v1/reports/506395,Alternative World Drug Report: Counting the Costs of the War on Drugs
192,506132,4.56432,https://api.reliefweb.int/v1/reports/506132,Conseil de sécurité : Ban Ki-moon prône de nouvelles approches pour protéger les civils
193,513787,4.56432,https://api.reliefweb.int/v1/reports/513787,Central Asia’s Border Woes & the Impact of International Assistance
194,513784,4.56432,https://api.reliefweb.int/v1/reports/513784,Avoiding Civilian Casualties: the U.S. Army Lays Out its Guidelines
195,512844,4.56432,https://api.reliefweb.int/v1/reports/512844,Girls’ School Repair Attracts Pupils
196,470176,4.56432,https://api.reliefweb.int/v1/reports/470176,Sharing Leads to Better Health
197,463504,4.56432,https://api.reliefweb.int/v1/reports/463504,Garden Training Enables the Disabled
198,463446,4.56432,https://api.reliefweb.int/v1/reports/463446,"After the Bonn conference, what next for Afghanistan's women?"
199,463207,4.56432,https://api.reliefweb.int/v1/reports/463207,International community reaffirms support for Afghanistan
200,464955,4.56432,https://api.reliefweb.int/v1/reports/464955,Carp Hatchery Supports Fish Farmers
201,464615,4.56432,https://api.reliefweb.int/v1/reports/464615,Double Irrigation Brings Double-Crop
202,464078,4.56432,https://api.reliefweb.int/v1/reports/464078,Lighting Up the Night in Fayzabad
203,465929,4.56432,https://api.reliefweb.int/v1/reports/465929,Solar Power Turns Me On
204,465796,4.56432,https://api.reliefweb.int/v1/reports/465796,Mayor Leads Stabilization Effort
205,466725,4.56432,https://api.reliefweb.int/v1/reports/466725,Orange Means Clean
206,469813,4.56432,https://api.reliefweb.int/v1/reports/469813,"Europe, The Middle East, and Central Asia - Disaster Risk Reduction Fact Sheet #1, Fiscal Year (FY) 2011"
207,469431,4.56432,https://api.reliefweb.int/v1/reports/469431,Capacity Building Bolsters Women
208,469279,4.56432,https://api.reliefweb.int/v1/reports/469279,UNMAS Mine Action Programming Handbook 2012
209,469047,4.56432,https://api.reliefweb.int/v1/reports/469047,Responsible Citizenship in Kabul
210,467520,4.56432,https://api.reliefweb.int/v1/reports/467520,Girls Learn City Skills in Rural Areas
211,467480,4.56432,https://api.reliefweb.int/v1/reports/467480,Benefits of mine clearance are visible in communities
212,462955,4.56432,https://api.reliefweb.int/v1/reports/462955,Afghan Government Fit to Fight HIV
213,462951,4.56432,https://api.reliefweb.int/v1/reports/462951,Female Intern Succeeds
214,456652,4.56432,https://api.reliefweb.int/v1/reports/456652,UK help for Afghan mine victims
215,456168,4.56432,https://api.reliefweb.int/v1/reports/456168,Community Fights Insurgent Influence
216,459780,4.56432,https://api.reliefweb.int/v1/reports/459780,"Afghan families hit by severe drought could be cut off by extreme winter weather within weeks, aid agencies warn"
217,459549,4.56432,https://api.reliefweb.int/v1/reports/459549,Women Reconstruct Schools
218,459417,4.56432,https://api.reliefweb.int/v1/reports/459417,"Pakistan - Complex Emergency Fact Sheet #1, Fiscal Year (FY) 2012"
219,456791,4.56432,https://api.reliefweb.int/v1/reports/456791,Alarming rise in mercenary activities calls for attention
220,452248,4.56432,https://api.reliefweb.int/v1/reports/452248,Opening a Road to Reconciliation
221,458832,4.56432,https://api.reliefweb.int/v1/reports/458832,Honey Money: Sweet Success
222,451563,4.56432,https://api.reliefweb.int/v1/reports/451563,Protection Sector Update – October 2011
223,476246,4.56432,https://api.reliefweb.int/v1/reports/476246,Emergency Winter Aid Distribution
224,477529,4.56432,https://api.reliefweb.int/v1/reports/477529,Save the Children warns more children could die from cold in brutal Afghan winter
225,470829,4.56432,https://api.reliefweb.int/v1/reports/470829,Tackling Gender-Based Violence
226,471937,4.56432,https://api.reliefweb.int/v1/reports/471937,USAID Launches Innovation Laboratory in Kabul
227,471858,4.56432,https://api.reliefweb.int/v1/reports/471858,Pomegranates Carve the Way to Market
228,472787,4.56432,https://api.reliefweb.int/v1/reports/472787,Debugging Baghlan Through Training
229,474799,4.56432,https://api.reliefweb.int/v1/reports/474799,Mending the Wounds of War
230,484011,4.56432,https://api.reliefweb.int/v1/reports/484011,Disaster Risk Reduction: Spending Where It Should Count
231,489353,4.56432,https://api.reliefweb.int/v1/reports/489353,Protection Wall Improves Access
232,488548,4.56432,https://api.reliefweb.int/v1/reports/488548,Demining Herat: making land safe in Afghanistan's 'bread basket'
233,508322,4.56432,https://api.reliefweb.int/v1/reports/508322,Future at risk if development not prioritised
234,487564,4.56432,https://api.reliefweb.int/v1/reports/487564,Agricultural Credit: A Smart Investment
235,488531,4.56432,https://api.reliefweb.int/v1/reports/488531,Salam Watandar Becomes Independent Media Organization
236,496460,4.56432,https://api.reliefweb.int/v1/reports/496460,Winning Hearts and Minds on Women’s Rights
237,501061,4.56432,https://api.reliefweb.int/v1/reports/501061,Bumper Harvest of Hope for Kabul Farmers
238,483832,4.56432,https://api.reliefweb.int/v1/reports/483832,Results in Fragile and Conflict-Affected States and Situations
239,440997,4.56432,https://api.reliefweb.int/v1/reports/440997,Improving Afghan Farm Production
240,443043,4.56432,https://api.reliefweb.int/v1/reports/443043,U.S. Government Builds A State-of- the-Art Power Control Center in Kabul
241,457568,4.56432,https://api.reliefweb.int/v1/reports/457568,Paving the Way for Future Prosperity
242,457567,4.56432,https://api.reliefweb.int/v1/reports/457567,Panjshir’s Berry Sweet Deal
243,1513176,4.56432,https://api.reliefweb.int/v1/reports/1513176,Crossing Europe alone: Teen refugees find a home in Finland
244,1527651,4.56432,https://api.reliefweb.int/v1/reports/1527651,Migrant children face grim human rights conditions in Greece
245,1527411,4.56432,https://api.reliefweb.int/v1/reports/1527411,Half of all refugee children are out of school leaving them exposed to exploitation and abuse
246,1525331,4.56432,https://api.reliefweb.int/v1/reports/1525331,"Communicable Disease Threats Report, 8 - 14 May 2016 (Week 19)"
247,1442991,4.56432,https://api.reliefweb.int/v1/reports/1442991,Assessing State Fragility with a Focus on Climate Change and Refugees: 2016 Country Indicators for Foreign Policy Report
248,1502036,4.56432,https://api.reliefweb.int/v1/reports/1502036,Non-State Security Providers and Political Formation in Afghanistan
249,1535356,4.56432,https://api.reliefweb.int/v1/reports/1535356,"Communicable Disease Threats Report, 15 - 21 May 2016 (Week 20)"
250,1305976,4.56432,https://api.reliefweb.int/v1/reports/1305976,USAID supports establishment of Afghanistan municipal network [EN/Dari]
251,1193571,4.56432,https://api.reliefweb.int/v1/reports/1193571,"UN Human Rights Chief urges all parties to ensure protection of civilians in Kunduz, Afghanistan"
252,1251486,4.56432,https://api.reliefweb.int/v1/reports/1251486,USAID continues to help Afghan farmers and agribusiness
253,1183286,4.56432,https://api.reliefweb.int/v1/reports/1183286,United Nations Mine Action Portfolio highlights major shortfall for 2015
254,1179566,4.56432,https://api.reliefweb.int/v1/reports/1179566,"In Serbia One In Four Refugee Children Arrive Alone, Save the Children Reports"
255,1200786,4.56432,https://api.reliefweb.int/v1/reports/1200786,Open Society Scholars Bring Mental Health Services to Afghanistan
256,1680946,4.56432,https://api.reliefweb.int/v1/reports/1680946,"Communicable Disease Threats Report, 28 August - 3 September 2016 (Week 35)"
257,1746171,4.56432,https://api.reliefweb.int/v1/reports/1746171,"End of Mission Statement by the United Nations Special Rapporteur on the human rights of internally displaced persons, Mr. Chaloka Beyani, on his visit to the Islamic Republic of Afghanistan - 11 to 20 October 2016"
258,1726556,4.56432,https://api.reliefweb.int/v1/reports/1726556,"PRIO Gender, Peace and Security Update, Issue 3 (2016)"
259,1760726,4.56432,https://api.reliefweb.int/v1/reports/1760726,"Pakistan - Complex Emergency Fact Sheet #4, Fiscal Year (FY) 2016"
260,1768556,4.56432,https://api.reliefweb.int/v1/reports/1768556,"Afghanistan: Construction of Health and Education Facilities, January 2008 – June 2016"
261,1720951,4.56432,https://api.reliefweb.int/v1/reports/1720951,EU signs deal to deport unlimited numbers of Afghan asylum seekers
262,1719991,4.56432,https://api.reliefweb.int/v1/reports/1719991,"Afghan Children Need Aid Investment Now as Worsening Violence and Displacement Threaten to Erode Years of Progress, Warns Save the Children"
263,1750696,4.56432,https://api.reliefweb.int/v1/reports/1750696,"Vigilance, Cooperation Needed to Beat Resurgent Polio"
264,1551416,4.56432,https://api.reliefweb.int/v1/reports/1551416,Afghan Children Read Program
265,1550071,4.56432,https://api.reliefweb.int/v1/reports/1550071,U.S. Government Supports Degree Program for Afghan Health Sector Technicians
266,1224731,4.56432,https://api.reliefweb.int/v1/reports/1224731,"After Kunduz, will humanitarian work be the same? NGOs respond"
267,1221816,4.56432,https://api.reliefweb.int/v1/reports/1221816,Afghanistan: Complex Emergency - Ongoing USG Humanitarian Assistance (09/30/15)
268,1237381,4.56432,https://api.reliefweb.int/v1/reports/1237381,Emergency update: Pakistan & Afghanistan earthquake
269,1240506,4.56432,https://api.reliefweb.int/v1/reports/1240506,Case Study: Women Entrepreneurs in Balkh Province
270,1238181,4.56432,https://api.reliefweb.int/v1/reports/1238181,"USAID Response to Oct. 26, 2015 Earthquake"
271,1232881,4.56432,https://api.reliefweb.int/v1/reports/1232881,South Asia Water Governance Programme (SAWGP)
272,1320381,4.56432,https://api.reliefweb.int/v1/reports/1320381,The United States government releases $80 m through new development partnership [EN/Dari]
273,1347611,4.56432,https://api.reliefweb.int/v1/reports/1347611,Momentum on Peace Talks Critical to Survival of Afghan Government
274,1329866,4.56432,https://api.reliefweb.int/v1/reports/1329866,U.S. Government supports Afghan educators and future leaders [EN/Dari]
275,1316966,4.56432,https://api.reliefweb.int/v1/reports/1316966,The United States government provides $50 million for immediate job creation [EN/Dari]
276,1164711,4.56432,https://api.reliefweb.int/v1/reports/1164711,"Greece, Hungary, Serbia: ACT Alliance Refugees/Migrants Humanitarian Response, Revision 1 – EUR151"
277,1173591,4.56432,https://api.reliefweb.int/v1/reports/1173591,"Humanitarian Assistance to East and Central Africa - Humanitarian Partnership Conference 2015 Nairobi, Kenya"
278,1159881,4.56432,https://api.reliefweb.int/v1/reports/1159881,Mahjabeen's Story
279,1355856,4.56432,https://api.reliefweb.int/v1/reports/1355856,Afghan civilian assistance program III (ACAP III)
280,1392621,4.56432,https://api.reliefweb.int/v1/reports/1392621,International Day against the Use of Child Soldiers: Child Soldiers are Boys and Girls we Failed to Protect
281,1377361,4.56432,https://api.reliefweb.int/v1/reports/1377361,Journalists And Media Staff Killed 1990 -2015: 25 years of contribution towards Safer Journalism
282,1388501,4.56432,https://api.reliefweb.int/v1/reports/1388501,FY 2017 Development and Humanitarian Assistance Budget
283,1395166,4.56432,https://api.reliefweb.int/v1/reports/1395166,Rapport annuel de la Représentante spéciale du Secrétaire général pour le sort des enfants en temps de conflit armé (A/HRC/31/19)
284,1395161,4.56432,https://api.reliefweb.int/v1/reports/1395161,Human Rights Council Report: Increasingly Complex and Widening Conflicts Take Huge Toll on Children in 2015
285,1411611,4.56432,https://api.reliefweb.int/v1/reports/1411611,Europe/migration: Five-country police agreement exacerbates crisis and puts vulnerable migrants at risk - Zeid
286,1276396,4.56432,https://api.reliefweb.int/v1/reports/1276396,Humanitarian Assistance in Review: South Asia | Fiscal Year (FY) 2006 – 2015
287,722211,4.56432,https://api.reliefweb.int/v1/reports/722211,Statement by the Special Rapporteur on violence against women finalizes country mission to Afghanistan and calls for sustainable measures to address the causes and consequences of violence against women
288,678440,4.56432,https://api.reliefweb.int/v1/reports/678440,UNMAS Annual Report 2013
289,601772,4.56432,https://api.reliefweb.int/v1/reports/601772,MPs welcome £35 million Government funding for FGM but highlight need for action at home to ensure credibility abroad
290,601388,4.56432,https://api.reliefweb.int/v1/reports/601388,USAID will continue to fund and support the Ministry of Public Health
291,608411,4.56432,https://api.reliefweb.int/v1/reports/608411,Land Rights: Change To Believe In
292,605258,4.56432,https://api.reliefweb.int/v1/reports/605258,Doing development in conflict zones
293,602308,4.56432,https://api.reliefweb.int/v1/reports/602308,"Ministry Celebrates Official Opening of High School for 6,000 Afghan Girls"
294,709251,4.56432,https://api.reliefweb.int/v1/reports/709251,Saudi relief assistance reaches Afghanistan
295,751296,4.56432,https://api.reliefweb.int/v1/reports/751296,Communiqué: The London Conference on Afghanistan
296,696510,4.56432,https://api.reliefweb.int/v1/reports/696510,"Afghanistan - Complex Emergency Fact Sheet #4, Fiscal Year (FY) 2014"
297,713236,4.56432,https://api.reliefweb.int/v1/reports/713236,Second Saudi aid consignment plane leaves for Afghanistan
298,704427,4.56432,https://api.reliefweb.int/v1/reports/704427,Violence against women: UN expert launches first official visit to Afghanistan in a decade
299,610090,4.56432,https://api.reliefweb.int/v1/reports/610090,USAID/OFDA Safety and Security Update October 2013
300,587213,4.56432,https://api.reliefweb.int/v1/reports/587213,Village Elders Uphold Widow’s Rights
301,591515,4.56432,https://api.reliefweb.int/v1/reports/591515,CIDA Learns: Lessons from Evaluations 2012
302,591158,4.56432,https://api.reliefweb.int/v1/reports/591158,USAID Helps Sixty Afghan Women Graduate From Women In Government Internship Program
303,587795,4.56432,https://api.reliefweb.int/v1/reports/587795,Ongoing USG Humanitarian Assistance to Afghanistan (as of 5 July 2013)
304,590449,4.56432,https://api.reliefweb.int/v1/reports/590449,Lifelong Learning For Herat Teachers
305,590081,4.56432,https://api.reliefweb.int/v1/reports/590081,USAID announces long-term commitment to Afghan women
306,584676,4.56432,https://api.reliefweb.int/v1/reports/584676,Resolving Conflict In Changing Times
307,580550,4.56432,https://api.reliefweb.int/v1/reports/580550,SRSG Zerrougui condemns Child Casualties in Eastern Afghanistan
308,585827,4.56432,https://api.reliefweb.int/v1/reports/585827,Annual Report and Accounts for 2012-2013
309,583154,4.56432,https://api.reliefweb.int/v1/reports/583154,Cooperation for Better Development and Security
310,581713,4.56432,https://api.reliefweb.int/v1/reports/581713,"Plastic Cards That Mean Food, Hope"
311,581687,4.56432,https://api.reliefweb.int/v1/reports/581687,Over 300 Female High School Students Graduate from Business Training Course
312,596403,4.56432,https://api.reliefweb.int/v1/reports/596403,Growing Company Is Force For Good
313,595489,4.56432,https://api.reliefweb.int/v1/reports/595489,Enabling The Disabled Of Afghanistan
314,593599,4.56432,https://api.reliefweb.int/v1/reports/593599,Decent Quality Of Life Equals Stability
315,594691,4.56432,https://api.reliefweb.int/v1/reports/594691,Hope And Broccoli Grow Together
316,610982,4.56432,https://api.reliefweb.int/v1/reports/610982,Ongoing USG Humanitarian Assistance to Afghanistan (as of 30 September 2013)
317,3331878,4.56432,https://api.reliefweb.int/v1/reports/3331878,Afghanistan Trade Event Drives Over $55 million in New Business [EN/AR]
318,3279123,4.56432,https://api.reliefweb.int/v1/reports/3279123,"South Asia - Disaster Risk Reduction Fact Sheet, Fiscal Year (FY) 2018"
319,3279103,4.56432,https://api.reliefweb.int/v1/reports/3279103,USAID/OFDA Disaster Risk Reduction (DRR) Programs in South Asia (09/30/18)
320,3351858,4.56432,https://api.reliefweb.int/v1/reports/3351858,20 Afghan children injured after explosion near school
321,3029503,4.56432,https://api.reliefweb.int/v1/reports/3029503,Conflict Mitigation Assistance for Civilians (COMAC)
322,3029493,4.56432,https://api.reliefweb.int/v1/reports/3029493,Electoral Support Activity (ESA)
323,3034208,4.56432,https://api.reliefweb.int/v1/reports/3034208,Helpdesk Report: K4D - Social Safety Nets in Fragile and Conflict-Affected States
324,3023803,4.56432,https://api.reliefweb.int/v1/reports/3023803,Women's empowerment and gender - Fact Sheet (6 Mar 2019)
325,3022463,4.56432,https://api.reliefweb.int/v1/reports/3022463,'Chilling reality': Afghanistan suffers worst floods in seven years
326,2969254,4.56432,https://api.reliefweb.int/v1/reports/2969254,Abdul returns to an unfamiliar home
327,3009578,4.56432,https://api.reliefweb.int/v1/reports/3009578,The situation of human rights in Afghanistan and technical assistance achievements in the field of human rights - Report of the United Nations High Commissioner for Human Rights (A/HRC/40/45)
328,3052118,4.56432,https://api.reliefweb.int/v1/reports/3052118,Women participating in democracy
329,3067033,4.56432,https://api.reliefweb.int/v1/reports/3067033,Helpdesk Report: K4D - Climate change as a driver of conflict in Afghanistan and other Fragile and Conflict Affected States
330,3080478,4.56432,https://api.reliefweb.int/v1/reports/3080478,"Afghanistan - Complex Emergency Fact Sheet #2, Fiscal Year (FY) 2019"
331,3088898,4.56432,https://api.reliefweb.int/v1/reports/3088898,Afghan government and USAID recognize women interns in Kandahar [EN/Dari/PS]
332,3097313,4.56432,https://api.reliefweb.int/v1/reports/3097313,U.S. Embassy hosts ‘youth and peace’ roundtable for 120 young Afghan leaders
333,3304443,4.56432,https://api.reliefweb.int/v1/reports/3304443,Assistance to Legislative Bodies of Afghanistan (ALBA) (April 2013 – March 2018)
334,3240319,4.56432,https://api.reliefweb.int/v1/reports/3240319,"Afghanistan - Complex Emergency Fact Sheet #1, Fiscal Year (FY) 2019"
335,3295683,4.56432,https://api.reliefweb.int/v1/reports/3295683,Global update at the 42nd session of the Human Rights Council: Opening statement by UN High Commissioner for Human Rights Michelle Bachelet
336,3289308,4.56432,https://api.reliefweb.int/v1/reports/3289308,Afghanistan Demographic and Health Survey (DHS) (September 2013 – September 2019)
337,3289303,4.56432,https://api.reliefweb.int/v1/reports/3289303,ARTF – Sehatmandi (July 2018 – June 2021)
338,3174074,4.56432,https://api.reliefweb.int/v1/reports/3174074,Over five million Afghans to receive emergency life-saving UK aid
339,3174029,4.56432,https://api.reliefweb.int/v1/reports/3174029,"Catalyzing Afghan Agricultural Innovation, May 2018 - May 2023"
340,3215863,4.56432,https://api.reliefweb.int/v1/reports/3215863,Afghanistan Food Fortification Project (Oct 2015 – Sep 2017)
341,3215858,4.56432,https://api.reliefweb.int/v1/reports/3215858,Regional Agricultural Development Program - South (RADP-South) (Oct 2013 – Oct 2017)
342,3189639,4.56432,https://api.reliefweb.int/v1/reports/3189639,Promote - Musharikat (September 2015 – September 2020)
343,3189594,4.56432,https://api.reliefweb.int/v1/reports/3189594,Citizens' Charter Afghanistan (October 2017 – October 2021)
344,3189194,4.56432,https://api.reliefweb.int/v1/reports/3189194,Asylum Seekers and Beneficiaries of International Protection in V4 Countries (Updated Report)
345,3692939,4.56432,https://api.reliefweb.int/v1/reports/3692939,"Trends in Armed Conflict, 1946–2019"
346,3688645,4.56432,https://api.reliefweb.int/v1/reports/3688645,The United States Provides $18 Million to Support Medical Oxygen Systems in Countries Affected by COVID-19
347,3705103,4.56432,https://api.reliefweb.int/v1/reports/3705103,Revealed: 10 million Afghan children need life-saving help
348,2987353,4.56432,https://api.reliefweb.int/v1/reports/2987353,Stop the War on Children: Protecting Children in 21st Century Conflict [EN/AR]
349,1956974,4.56432,https://api.reliefweb.int/v1/reports/1956974,Human Rights Council holds general debate on technical assistance and capacity building after reports on Afghanistan and Yemen
350,1944224,4.56432,https://api.reliefweb.int/v1/reports/1944224,European asylum applications remained near record levels in 2016
351,1942879,4.56432,https://api.reliefweb.int/v1/reports/1942879,"Derechos de las personas pertenecientes a minorías nacionales o étnicas, religiosas y lingüísticas Informe anual del Alto Comisionado de las Naciones Unidas para los Derechos Humanos (A/HRC/34/21)"
352,1949859,4.56432,https://api.reliefweb.int/v1/reports/1949859,Refugee Transit in Indonesia: The Critical Importance of Community
353,1949854,4.56432,https://api.reliefweb.int/v1/reports/1949854,Fear stalks migrants huddled along Hungary’s border
354,1991619,4.56432,https://api.reliefweb.int/v1/reports/1991619,"Afghanistan - Complex Emergency Fact Sheet #2, Fiscal Year (FY) 2017"
355,1804264,4.56432,https://api.reliefweb.int/v1/reports/1804264,"Challenge TB, January 2015 - December 2019"
356,1775906,4.56432,https://api.reliefweb.int/v1/reports/1775906,On Farm Water Management Project (OFWMP)
357,2155424,4.56432,https://api.reliefweb.int/v1/reports/2155424,"Afghanistan: Food Assistance Fact Sheet - August 3, 2017"
358,2146069,4.56432,https://api.reliefweb.int/v1/reports/2146069,USAID Signs MoU with Ministry of Justice to Improve Access to Services for Afghan People [EN/Dari/PS]
359,2108834,4.56432,https://api.reliefweb.int/v1/reports/2108834,Evaluation of the Local to Global Programme 2013-15
360,1898184,4.56432,https://api.reliefweb.int/v1/reports/1898184,Interview: UN marks 20 years of work to improve protection of children affected by conflict
361,1934139,4.56432,https://api.reliefweb.int/v1/reports/1934139,Human Rights Council holds interactive dialogue with Special Representatives on violence against children and on children in armed conflict
362,1925663,4.56432,https://api.reliefweb.int/v1/reports/1925663,Women graduates gain skills at Afghan construction site
363,1892494,4.56432,https://api.reliefweb.int/v1/reports/1892494,20 Years to Better Protect Children Affected by Conflict
364,1889464,4.56432,https://api.reliefweb.int/v1/reports/1889464,"Children must be 'off limits' during times of fighting, warns Save the Children, as grim new UN figures reveal almost three children per day were killed by conflict in Afghanistan in 2016"
365,1875599,4.56432,https://api.reliefweb.int/v1/reports/1875599,Helping Patients in Afghanistan Manage Their Diabetes
366,2044174,4.56432,https://api.reliefweb.int/v1/reports/2044174,USAID Hosts Women’s Agriculture Credit Shura to Improve Lives and Livelihoods of Afghan Women Farmers [EN/Dari/PS]
367,1820434,4.56432,https://api.reliefweb.int/v1/reports/1820434,Thousands of children face early marriage and child labour as education crisis takes hold among Afghan children repatriated from Pakistan
368,1842614,4.56432,https://api.reliefweb.int/v1/reports/1842614,"Trends in Armed Conflict, 1946–2015"
369,2290544,4.56432,https://api.reliefweb.int/v1/reports/2290544,"Challenge TB, January 2015 - December 2019 (August 2017)"
370,1576866,4.56432,https://api.reliefweb.int/v1/reports/1576866,"Assessment of infant and young child feeding practices among refugees on Lesvos Island, Greece — 22 February-4 March 2016"
371,1568071,4.56432,https://api.reliefweb.int/v1/reports/1568071,"With closure of European borders children make 'ever more dangerous journeys', says Save the Children"
372,1566926,4.56432,https://api.reliefweb.int/v1/reports/1566926,"In a wide-ranging opening speech to the UN Human Rights Council, UN High Commissioner for Human Rights Zeid Ra'ad al Hussein sheds a light on ""preventable calamities"" and worrying trends in human rights around the world"
373,1600686,4.56432,https://api.reliefweb.int/v1/reports/1600686,USAID Announces $25 Million to Support Adolescent Girls Education in Afghanistan through Partnership with DFID
374,1584856,4.56432,https://api.reliefweb.int/v1/reports/1584856,Disease Surveillance and Prevention: July 2014 - June 2022
375,1608211,4.56432,https://api.reliefweb.int/v1/reports/1608211,Active USG programs for the Afghanistan response (07/13/2016)
376,887621,4.56432,https://api.reliefweb.int/v1/reports/887621,Afghanistan Gender Equality Report Card: Evaluating the Government of Afghanistan’s Commitments to Women and Gender Equality
377,1042251,4.56432,https://api.reliefweb.int/v1/reports/1042251,Human Rights Council holds clustered interactive dialogue on violence against women and on internally displaced persons
378,884421,4.56432,https://api.reliefweb.int/v1/reports/884421,"USAID/OFDA Disaster Risk Reduction (DRR) Programs in South Asia (as of Sep 30, 2014)"
379,880501,4.56432,https://api.reliefweb.int/v1/reports/880501,"A Year of Progress for ""Children, Not Soldiers"""
380,1072616,4.56432,https://api.reliefweb.int/v1/reports/1072616,"Spread of global conflict transforming humanitarian work, says Red Cross chief"
381,1050891,4.56432,https://api.reliefweb.int/v1/reports/1050891,Children’s Voices: Positive Visions from an Insecure Afghan Province
382,1049351,4.56432,https://api.reliefweb.int/v1/reports/1049351,Case Study: Increased Income for Afghan Farm Owners
383,1029781,4.56432,https://api.reliefweb.int/v1/reports/1029781,USAID launches $60 million program to save lives of mothers and children [EN/PS/Dari]
384,1103061,4.56432,https://api.reliefweb.int/v1/reports/1103061,USAID PROMOTE launches Jawana women’s leadership development curriculum
385,938436,4.56432,https://api.reliefweb.int/v1/reports/938436,"Pakistan - Complex Emergency Fact Sheet #2, Fiscal Year (FY) 2015"
386,948731,4.56432,https://api.reliefweb.int/v1/reports/948731,Stability in key areas – North (SIKA-N)
387,927831,4.56432,https://api.reliefweb.int/v1/reports/927831,Afghanistan: US watchdog criticises aid scheme for women's rights
388,921036,4.56432,https://api.reliefweb.int/v1/reports/921036,Sahel Focus - E-Magazine trimestrielle du Bureau de l’Envoyée Spéciale pour le Sahel
389,1008686,4.56432,https://api.reliefweb.int/v1/reports/1008686,Saudi Committee for Relief of Afghan People complete winter relief project
390,874936,4.56432,https://api.reliefweb.int/v1/reports/874936,"Increasing Access to Basic Education and Gender Equality Overview, 3 Mar 2015"
391,855911,4.56432,https://api.reliefweb.int/v1/reports/855911,"Despite decreasing security in Afghanistan, mine action continues"
392,843541,4.56432,https://api.reliefweb.int/v1/reports/843541,Statistics on International Development 2014
393,1064826,4.56432,https://api.reliefweb.int/v1/reports/1064826,Afghanistan: Complex Emergency - Ongoing USG Humanitarian Assistance (2 July 2015)
394,969216,4.56432,https://api.reliefweb.int/v1/reports/969216,USAID announces new $30 million Civilian Victim’s Assistance contribution [EN/Dari]
395,790111,4.56432,https://api.reliefweb.int/v1/reports/790111,Sowing Seeds of Empowerment: Small Loans to Afghan Women Growers
396,834941,4.56432,https://api.reliefweb.int/v1/reports/834941,Afghanistan: children’s voices growing stronger [Video]
397,428347,4.56432,https://api.reliefweb.int/v1/reports/428347,New Mission Director for Afghanistan sworn in
398,425708,4.56432,https://api.reliefweb.int/v1/reports/425708,"Afghanistan - Complex Emergency Fact Sheet #3, Fiscal Year (FY) 2011"
399,432383,4.56432,https://api.reliefweb.int/v1/reports/432383,Afghanistan: Uncounted and Discounted
400,431004,4.56432,https://api.reliefweb.int/v1/reports/431004,International Security Monthly Briefing Jul 2006: A third war
401,389219,4.56432,https://api.reliefweb.int/v1/reports/389219,"USAID/Afghanistan Program Highlights January 15 - January 31, 2011"
402,382442,4.56432,https://api.reliefweb.int/v1/reports/382442,U.S. Government Improves Case Tracking in Afghan Courts
403,382329,4.56432,https://api.reliefweb.int/v1/reports/382329,USAID FrontLines - January 2011
404,382310,4.56432,https://api.reliefweb.int/v1/reports/382310,"USAID/Afghanistan Program Highlights December 15, 2010 - January 15, 2011"
405,390733,4.56432,https://api.reliefweb.int/v1/reports/390733,Statement by Special Representative for Children and Armed Conflict on the children killed in Afghanistan
406,390631,4.56432,https://api.reliefweb.int/v1/reports/390631,Access During Humanitarian Crises: Barriers to Protection and Assistance
407,390483,4.56432,https://api.reliefweb.int/v1/reports/390483,Afghanistan: De-worming Tablets Benefit Students
408,378997,4.56432,https://api.reliefweb.int/v1/reports/378997,"""Dramatic"" 2010 for United Nations: the year in review"
409,378377,4.56432,https://api.reliefweb.int/v1/reports/378377,"USAID/Afghanistan Program Highlights November 1-November 15, 2010"
410,376150,4.56432,https://api.reliefweb.int/v1/reports/376150,The Afghanistan NGO Safety Office: The ANSO Report 1-15 November 2010
411,377150,4.56432,https://api.reliefweb.int/v1/reports/377150,Afghanistan: Community Development Project Launched
412,377008,4.56432,https://api.reliefweb.int/v1/reports/377008,Kabul Commends OIC for Building Thirty-Seven Health Centres In Afghanistan
413,398172,4.56432,https://api.reliefweb.int/v1/reports/398172,Seed and Fertilizer Bring Prosperity
414,396976,4.56432,https://api.reliefweb.int/v1/reports/396976,"USAID/Afghanistan Program Highlights February 16 - February 28, 2011"
415,402297,4.56432,https://api.reliefweb.int/v1/reports/402297,USAID Launches New Project to Strengthen the Afghan Financial Sector
416,401321,4.56432,https://api.reliefweb.int/v1/reports/401321,United Nations Peace Operations Year in Review 2010
417,402973,4.56432,https://api.reliefweb.int/v1/reports/402973,"USAID Holds Regional Meeting to Strengthen Afghanistan’s Agricultural Sector18 May 2011 | Kabul, Afghanistan"
418,399307,4.56432,https://api.reliefweb.int/v1/reports/399307,Actor Jeremy Renner's role in Afghanistan mine awareness campaign
419,422033,4.56432,https://api.reliefweb.int/v1/reports/422033,Why Isn't Aid to Afghanistan and Pakistan Working?
420,422421,4.56432,https://api.reliefweb.int/v1/reports/422421,Torture: les victimes aidées par le Fonds des Nations Unies
421,420170,4.56432,https://api.reliefweb.int/v1/reports/420170,Tunnel Repairs Will Improve Safety for Thousands of Travelers
422,419795,4.56432,https://api.reliefweb.int/v1/reports/419795,New Research Facility Will Help Safeguard the Supply of Global Wheat Crops
423,414365,4.56432,https://api.reliefweb.int/v1/reports/414365,"South Asia - Earthquake Fact Sheet #3, Fiscal Year (FY) 2006"
424,412773,4.56432,https://api.reliefweb.int/v1/reports/412773,Call for a radical re-think on Afghanistan
425,412672,4.56432,https://api.reliefweb.int/v1/reports/412672,Rebuilding Afghanistan: Weekly activity update 12 - 18 Jun 2005
426,393995,4.56432,https://api.reliefweb.int/v1/reports/393995,New Plan to Help Afghan Goods Reach International Markets
427,393291,4.56432,https://api.reliefweb.int/v1/reports/393291,Afghanistan: USAID Commemorates World Tuberculosis Day
428,381670,4.56432,https://api.reliefweb.int/v1/reports/381670,The Afghanistan NGO Safety Office: The ANSO Report 16 - 31 December 2011
429,381663,4.56432,https://api.reliefweb.int/v1/reports/381663,The Afghanistan NGO Safety Office: The ANSO Report 1-15 January 2011
430,379317,4.56432,https://api.reliefweb.int/v1/reports/379317,"USAID/Afghanistan Program Highlights December 1 - December 15, 2010"
431,409239,4.56432,https://api.reliefweb.int/v1/reports/409239,Central Asia Region - Complex emergency situation report #14 (FY 2002)
432,370229,4.56432,https://api.reliefweb.int/v1/reports/370229,The Trust Deficit: The Impact of Local Perceptions on Policy in Afghanistan
433,370215,4.56432,https://api.reliefweb.int/v1/reports/370215,The Afghanistan NGO Safety Office: The ANSO Report 16 - 30 September 2010
434,372291,4.56432,https://api.reliefweb.int/v1/reports/372291,The Afghanistan NGO Safety Office: The ANSO Report 1-15 October 2010
435,372189,4.56432,https://api.reliefweb.int/v1/reports/372189,"WOMEN COUNT FOR PEACE: THE 2010 OPEN DAYS ON WOMEN, PEACE and SECURITY"
436,371409,4.56432,https://api.reliefweb.int/v1/reports/371409,UN EXPERT BODY CALLS FOR STRONGER OVERSIGHT OF UNITED STATES' PRIVATE SECURITY CONTRACTORS IN AFGHANISTAN
437,369619,4.56432,https://api.reliefweb.int/v1/reports/369619,English for Engineers in Afghanistan - Employees learn language and computer skills to enhance performance
438,360826,4.56432,https://api.reliefweb.int/v1/reports/360826,"USAID/DCHA Afghanistan - Complex Emergency Situation Report #2, Fiscal Year (FY) 2010"
439,360587,4.56432,https://api.reliefweb.int/v1/reports/360587,Afghanistan: Midwife Tackles Healthcare Problems
440,360278,4.56432,https://api.reliefweb.int/v1/reports/360278,The Hurt Locker star visits demining teams in Afghanistan
441,360223,4.56432,https://api.reliefweb.int/v1/reports/360223,USAID FrontLines - June 2010
442,358848,4.56432,https://api.reliefweb.int/v1/reports/358848,"USAID Afghanistan - Program Highlights April 1 - 15, 2010"
443,358782,4.56432,https://api.reliefweb.int/v1/reports/358782,"USAID Afghanistan - Program Highlights May 1 - 15, 2010"
444,358437,4.56432,https://api.reliefweb.int/v1/reports/358437,100 tonnes of food to fight malnutrition in Afghanistan
445,361654,4.56432,https://api.reliefweb.int/v1/reports/361654,Afghanistan: Road Paves the Way for Education
446,361649,4.56432,https://api.reliefweb.int/v1/reports/361649,Empowering communities in Afghanistan
447,367072,4.56432,https://api.reliefweb.int/v1/reports/367072,"Afghanistan - Complex Emergency Fact Sheet #1, Fiscal Year (FY) 2010"
448,364182,4.56432,https://api.reliefweb.int/v1/reports/364182,Afghanistan: Children Return to School in Kandahar
449,364168,4.56432,https://api.reliefweb.int/v1/reports/364168,Afghanistan: Communities Promote Literacy Education
450,368126,4.56432,https://api.reliefweb.int/v1/reports/368126,The Afghanistan NGO Safety Office: The ANSO Report 1 -15 August 2010
451,365706,4.56432,https://api.reliefweb.int/v1/reports/365706,"Shah, Sadoshima Meet on U.S.-Japanese Development Aims: Pakistan, Afghanistan Assistance and Millennium Development Goals on the Agenda"
452,368444,4.56432,https://api.reliefweb.int/v1/reports/368444,Human Rights Council hears presentation by Special Rapporteur on indigenous peoples
453,362435,4.56432,https://api.reliefweb.int/v1/reports/362435,Afghanistan: 'EMERGENCY' HOSPITAL REOPENS IN SOUTH
454,346977,4.56432,https://api.reliefweb.int/v1/reports/346977,DFID launches new education strategy
455,347434,4.56432,https://api.reliefweb.int/v1/reports/347434,USAID Afghanistan - Program highlights 16 - 31 Jan 2010
456,347422,4.56432,https://api.reliefweb.int/v1/reports/347422,USAID Afghanistan - Program highlights 01 - 15 Feb 2010
457,350075,4.56432,https://api.reliefweb.int/v1/reports/350075,Afghanistan: After the Surge: Taliban Reintegration and Reconciliation?
458,349884,4.56432,https://api.reliefweb.int/v1/reports/349884,DFID Programme Strategy 2010 - 2013: Creating a safer environment: clearing landmines and other explosive remnants of war
459,349883,4.56432,https://api.reliefweb.int/v1/reports/349883,Human Rights Dimension of Poverty in Afghanistan
460,355726,4.56432,https://api.reliefweb.int/v1/reports/355726,"USAID Afghanistan - Program Highlights March 1 - 15, 2010"
461,357841,4.56432,https://api.reliefweb.int/v1/reports/357841,UK pledges new support for Afghanistan
462,357804,4.56432,https://api.reliefweb.int/v1/reports/357804,Afghanistan: Ministry of Public Health Celebrates 5th National Safe Motherhood Day in Kabul
463,357374,4.56432,https://api.reliefweb.int/v1/reports/357374,Afghanistan: Livestock Vaccinated in Faryab
464,356789,4.56432,https://api.reliefweb.int/v1/reports/356789,Beyond the Blanket: Towards More Effective Protection for Internally Displaced Persons in Southern Afghanistan
465,368929,4.56432,https://api.reliefweb.int/v1/reports/368929,"USAID Afghanistan - Program Highlights June 1 - 15, 2010"
466,353687,4.56432,https://api.reliefweb.int/v1/reports/353687,Internally Displaced Persons in Pakistan and Afghanistan: A Report from the Field
467,353244,4.56432,https://api.reliefweb.int/v1/reports/353244,MISSION REPORT: Visit of the Special Representative for Children & Armed Conflict to AFGHANISTAN
468,353051,4.56432,https://api.reliefweb.int/v1/reports/353051,Guns for hire'
469,351923,4.56432,https://api.reliefweb.int/v1/reports/351923,CASH FOR WORK PROJECTS HELP VULNERABLE PEOPLE IN AFGHANISTAN
470,361370,4.56432,https://api.reliefweb.int/v1/reports/361370,UK's Afghan aid effort to increase by 40%
471,343543,4.56432,https://api.reliefweb.int/v1/reports/343543,USAID FrontLines December-January 2009-10
472,344059,4.56432,https://api.reliefweb.int/v1/reports/344059,New Strategy Emerges on Afghanistan
473,343169,4.56432,https://api.reliefweb.int/v1/reports/343169,600 Afghan children will die while leaders talk
474,357298,4.56432,https://api.reliefweb.int/v1/reports/357298,Afghanistan: Best Harvest in Thirty Years
475,341966,4.56432,https://api.reliefweb.int/v1/reports/341966,Afghanistan: clearing the devil's garden
476,340420,4.56432,https://api.reliefweb.int/v1/reports/340420,Afghanistan: Tarakhil Power Plant Achieves Full Energy Output
477,339858,4.56432,https://api.reliefweb.int/v1/reports/339858,Fund for Gender Equality 2009 Catalytic Grant Recipients
478,338962,4.56432,https://api.reliefweb.int/v1/reports/338962,USAID Afghanistan - Program highlights 01 - 15 Dec 2009
479,461004,4.56432,https://api.reliefweb.int/v1/reports/461004,Afghan government ready to resume negotiations with Taliban
480,460417,4.56432,https://api.reliefweb.int/v1/reports/460417,The Road to Chaghcharan
481,460132,4.56432,https://api.reliefweb.int/v1/reports/460132,Shoveling Away Intimidation
482,487990,4.56432,https://api.reliefweb.int/v1/reports/487990,Fuel-Efficient Stoves Save Forest; More than 2200 house-holds in Wakhan and Band-e Amir use fuel-efficient stoves provided by USAID.
483,483084,4.56432,https://api.reliefweb.int/v1/reports/483084,Helping Victims of Car Bomb Attack
484,460780,4.56432,https://api.reliefweb.int/v1/reports/460780,Joint Statement on the occasion of Universal Children's Day by Special Representative of the Secretary-General Radhika Coomaraswamy and Under-Secretary-General Hervé Ladsous and Under-Secretary-General Susana Malcorra
485,3795134,4.56432,https://api.reliefweb.int/v1/reports/3795134,Stop the war on children: A crisis of recruitment
486,3800435,4.56432,https://api.reliefweb.int/v1/reports/3800435,"Oral update on the situation of human rights in Afghanistan, 14 December 2021"
487,3800637,4.56432,https://api.reliefweb.int/v1/reports/3800637,We hear you: What trended in 2021
488,685188,4.56432,https://api.reliefweb.int/v1/reports/685188,$92 Million USAID Project to Help Higher Education
489,689327,4.56432,https://api.reliefweb.int/v1/reports/689327,The price of an education for Afghan refugees in Iran
490,688555,4.56432,https://api.reliefweb.int/v1/reports/688555,"Women, Peace and Security in Afghanistan: Looking Back to Move Forward"
491,687879,4.56432,https://api.reliefweb.int/v1/reports/687879,New $27 million US-Afghan project to improve electricity delivery in Kandahar [EN/Dari/PS]
492,629518,4.56432,https://api.reliefweb.int/v1/reports/629518,Afghan Justice Institutions Raise Awareness of Women’s Rights via Radio
493,629469,4.56432,https://api.reliefweb.int/v1/reports/629469,"Afghanistan - Complex Emergency Fact Sheet #1, Fiscal Year (FY) 2014"
494,623033,4.56432,https://api.reliefweb.int/v1/reports/623033,USAID Land Reform Project presents achievements
495,631217,4.56432,https://api.reliefweb.int/v1/reports/631217,DFID Afghanistan One-Year Update on Agreed and Partially Agreed Recommendations from 2013 IDC Report
496,655638,4.56432,https://api.reliefweb.int/v1/reports/655638,"25,000 children affected by floods in Afghanistan"
497,775316,4.56432,https://api.reliefweb.int/v1/reports/775316,Operational Plan 2011-2016 Asia Regional Team Updated December 2014
498,665135,4.56432,https://api.reliefweb.int/v1/reports/665135,"South Asia - Disaster Risk Reduction Fact Sheet #1, Fiscal Year (FY) 2013"
499,669605,4.56432,https://api.reliefweb.int/v1/reports/669605,Afghan Rule of Law Achievements Recognized at Supreme Court
